zaiapresidente,yes
matteosalvinimi,yes
matteorenzi,yes
meb,yes
Giorgiolaporta,yes
serracchiani,yes
EnricoLetta,yes
PaoloGentiloni,yes
PietroGrasso,yes
mariannamadia,yes
pdnetwork,yes
angealfa,yes
emanuelefiano,yes
ale_moretti,yes
dariofrance,yes
AlessiaMorani,yes
fabriziobarca,yes
graziano_delrio,yes
nzingaretti,yes
BeppeSala,yes
giorgio_gori,yes
PietroGrasso,yes
lauraboldrini,yes
matteorenzi,yes
EnricoLetta,yes
romanoprodi,yes
PCPadoan,yes
angealfa,yes
meb,yes
CarloCalenda,yes
ECofficialmusic,yes
graziano_delrio,yes
dariofrance,yes
glgalletti,yes
PaoloGentiloni,yes
SteGiannini,yes
BeaLorenzin,yes
mariannamadia,yes
maumartina,yes
AndreaOrlandosp,yes
PCPadoan,yes
robertapinotti,yes
PolettiGiuliano,yes
fabriziobarca,yes
emmabonino,yes
Cesare_Damiano,yes
l_lanzillotta,yes
Maurizio_Lupi,yes
GioMelandri,yes
RutelliTweet,yes
sbonaccini,yes
SergioChiampa,yes
rosariocrocetta,yes
VincenzoDeLuca,yes
CatiusciaMarini,yes
Oliverio_MarioG,yes
F_Pigliaru,yes
rossipresidente,yes
serracchiani,yes
nzingaretti,yes
VeltroniWalter,yes
enzo_salvi,yes
LuigiBrugnaro,yes
Antonio_Decaro,yes
virginiomerola,yes
DarioNardella,yes
FlavioTosiTW,yes
MCacciari44,yes
pierofassino,yes
giulianopisapia,yes
VeltroniWalter,yes
sandrogozi,yes
MC_Carro,yes
giannicuperlo,yes
emanuelefiano,yes
bobogiac,yes
sandrogozi,yes
guerini_lorenzo,yes
AlessiaMorani,yes
lapopistelli,yes
LiaQuartapelle,yes
AndreaRomano9,yes
ivanscalfarotto,yes
MarinaSereni,yes
BrunoTabacci,yes
VVezzali,yes
enrico_zanetti,yes
FinocchiaroAnna,yes
sandrobondi,yes
AntonioDePoli,yes
bendellavedova,yes
FinocchiaroAnna,yes
PietroIchino,yes
NenciniPsi,yes
AndreaOlivero,yes
LauraPuppato,yes
RPBWARCHITECTS,yes
MaurizioSacconi,yes
DenisVerdini,yes
simonabonafe,yes
gualtierieurope,yes
ckyenge,yes
ale_moretti,yes
alessiamosca,yes
giannipittella,yes
toiapatrizia,yes
flaviozanonato,yes
AnnaAscani,yes
PPBaretta,yes
TeresaBellanova,yes
rosy_bindi,yes
boccadutri,yes
F_Boccia,yes
FrancescoBonif1,yes
meb,yes
bragachiara,yes
micaela_campana,yes
ernestocarbone,yes
MC_Carro,yes
KhalidChaouki3,yes
CovelloStefania,yes
Cesare_Damiano,yes
titti_disalvo,yes
davidefaraone,yes
emanuelefiano,yes
dietnam,yes
dariofrance,yes
GiampaoloGalli,yes
PaoloGentiloni,yes
bobogiac,yes
sandrogozi,yes
GiuseppeGuerin1,yes
guerini_lorenzo,yes
MauroGuerraNL,yes
YoramGutgeld,yes
flavagno,yes
LottiLuca,yes
mariannamadia,yes
mmauripd,yes
gennaromigliore,yes
AlessiaMorani,yes
AndreaOrlandosp,yes
DarioParrini,yes
piccolapini,yes
FabioPorchat,yes
faustorac,yes
erealacci,yes
MatteoRichetti,yes
AndreaRomano9,yes
Ettore_Rosato,yes
PablitoRossi,yes
alessiarotta,yes
ivanscalfarotto,yes
MarinaSereni,yes
itinagli,yes
VicoLudovico,yes
szampa56,yes
NichiVendola,no
robersperanza,no
ignaziomarino,no
virginiaraggi,no
beppe_grillo,no
renatobrunetta,no
SenatoreMonti,no
berlusconi,no
gasparripdl,no
mara_carfagna,no
BSaltamartini,no
GiorgiaMeloni,no
matteosalvinimi,no
carlosibilia,no
luigidimaio,no
GiuliaDiVita,no
Roberto_Fico,no
PaolaTavernaM5S,no
GiancarloCanc,no
GiuliaSarti86,no
pbersani,no
civati,no
gianfranco_fini,no
MassimoLeaderPD,no
deyoungmuseum,no
RaffaeleFitto,no
FrancoFrattini,no
GiancarloGalan,no
msgelmini,no
Ignazio_LaRussa,no
RobertoMaroni_,no
QuagliarielloG,no
_paolo_romani_,no
grotondi,no
micheleemiliano,no
GiovanniToti,no
zaiapresidente,no
r_formigoni,no
renatapolverini,no
c_appendino,no
demagistris,no
rossidoria,no
LeolucaOrlando1,no
AlemannoTW,no
DSantanche,no
DeborahBergamin,no
BiancofioreMiky,no
CalabriaTw,no
Capezzone,no
M_Fedriga,no
ale_dibattista,no
StefanoFassina,no
claudiofava1,no
NFratoianni,no
N_DeGirolamo,no
GabriGiammanco,no
guglielmopicchi,no
lauraravetto,no
elio_vito,no
MarcoFollini,no
giamma71,no
CorradinoMineo,no
LucioMalan,no
m_montevecchi,no
Ale_Mussolini_,no
AlbertoAirola,no
MBuccarella,no
GianlucaVasto,no
CatalfoNunzia,no
andrea_cioffi,no
BarbaraLezzi,no
Carlo_Martelli,no
vilmamoronese,no
NicolaMorra63,no
vitopetrocelli,no
pugliainvita,no
loscibo,no
BerniniAM,no
senantoniorazzi,no
giacomos,no
tatianabasilio1,no
SilviaBM5S,no
Bernini_P,no
AlfonsoBonafede,no
g_brescia,no
FrancBusinarolo,no
MirkoBusto,no
Azzurra_C,no
berenice0104,no
LaCastelliM5s,no
andreacecconi84,no
silviachimienti,no
TiziCip,no
AndCol81,no
VegaColonnese,no
cla_cominardi,no
Emanuela_Corda,no
crippa5stelle,no
FedericoDinca,no
F_DUva,no
DadoneFabiana,no
FedericaDaga,no
matteodallosso,no
Maxdero,no
DgPilot81,no
dellorco85,no
IvanDellaValle,no
Chiara_DiBe,no
ManlioDS,no
federicadieni,no
MFantinati,no
riccardo_fra,no
Gallinella_F,no
LuigiGallo15,no
giosilvia86,no
GiuliaGrilloM5S,no
mirellaliuzzi,no
robertalombardi,no
ManteroM5S,no
DalilaNesci,no
antoniopalmieri,no
PaoloParentela,no
fabiorampelli,no
carlaruocco1,no
JoleSantelli,no
mariaederaM5S,no
LucaSqueri,no
PatriziaTerzoni,no
AngeloTofalo,no
DaniloToninelli,no
GianlucaVacca,no
SVignaroli,no
ale_villarosa,no